id,name,age,number,position,photo,team_id
882,David de Gea,33,1.0,Goalkeeper,https://media-1.api-sports.io/football/players/882.png,33
2931,T. Heaton,37,22.0,Goalkeeper,https://media-1.api-sports.io/football/players/2931.png,33
20319,N. Bishop,24,30.0,Goalkeeper,https://media-1.api-sports.io/football/players/20319.png,33
2930,J. Butland,30,31.0,Goalkeeper,https://media-1.api-sports.io/football/players/2930.png,33
889,V. Lindelöf,29,2.0,Defender,https://media-3.api-sports.io/football/players/889.png,33
888,P. Jones,31,4.0,Defender,https://media-2.api-sports.io/football/players/888.png,33
2935,H. Maguire,30,5.0,Defender,https://media-2.api-sports.io/football/players/2935.png,33
2467,Lisandro Martínez,25,6.0,Defender,https://media-3.api-sports.io/football/players/2467.png,33
37145,T. Malacia,24,12.0,Defender,https://media-3.api-sports.io/football/players/37145.png,33
742,R. Varane,30,19.0,Defender,https://media-1.api-sports.io/football/players/742.png,33
886,Diogo Dalot,24,20.0,Defender,https://media-3.api-sports.io/football/players/886.png,33
891,L. Shaw,28,23.0,Defender,https://media-3.api-sports.io/football/players/891.png,33
18846,A. Wan-Bissaka,26,29.0,Defender,https://media-3.api-sports.io/football/players/18846.png,33
138806,B. Williams,23,33.0,Defender,https://media-1.api-sports.io/football/players/138806.png,33
284363,R. Bennett,20,66.0,Defender,https://media-3.api-sports.io/football/players/284363.png,33
1485,Bruno Fernandes,29,8.0,Midfielder,https://media-2.api-sports.io/football/players/1485.png,33
174,C. Eriksen,31,14.0,Midfielder,https://media-1.api-sports.io/football/players/174.png,33
1159,M. Sabitzer,29,15.0,Midfielder,https://media-1.api-sports.io/football/players/1159.png,33
905,Fred,30,17.0,Midfielder,https://media-2.api-sports.io/football/players/905.png,33
747,Casemiro,31,18.0,Midfielder,https://media-1.api-sports.io/football/players/747.png,33
70078,F. Pellistri,22,28.0,Midfielder,https://media-2.api-sports.io/football/players/70078.png,33
547,D. van de Beek,26,34.0,Midfielder,https://media-3.api-sports.io/football/players/547.png,33
903,S. McTominay,27,39.0,Midfielder,https://media-3.api-sports.io/football/players/903.png,33
284295,Zidane Iqbal,20,55.0,Midfielder,https://media-2.api-sports.io/football/players/284295.png,33
284322,K. Mainoo,18,73.0,Midfielder,https://media-3.api-sports.io/football/players/284322.png,33
908,A. Martial,28,9.0,Attacker,https://media-1.api-sports.io/football/players/908.png,33
909,M. Rashford,26,10.0,Attacker,https://media-1.api-sports.io/football/players/909.png,33
9971,Antony,23,21.0,Attacker,https://media-3.api-sports.io/football/players/9971.png,33
18,J. Sancho,23,25.0,Attacker,https://media-3.api-sports.io/football/players/18.png,33
25416,W. Weghorst,31,27.0,Attacker,https://media-3.api-sports.io/football/players/25416.png,33
153430,A. Elanga,21,36.0,Attacker,https://media-3.api-sports.io/football/players/153430.png,33
284324,A. Garnacho,19,49.0,Attacker,https://media-1.api-sports.io/football/players/284324.png,33
18886,M. Dúbravka,34,1.0,Goalkeeper,https://media-3.api-sports.io/football/players/18886.png,34
1972,L. Karius,30,18.0,Goalkeeper,https://media-1.api-sports.io/football/players/1972.png,34
18911,N. Pope,31,22.0,Goalkeeper,https://media-2.api-sports.io/football/players/18911.png,34
44912,M. Gillespie,31,29.0,Goalkeeper,https://media-3.api-sports.io/football/players/44912.png,34
169,K. Trippier,33,2.0,Defender,https://media-1.api-sports.io/football/players/169.png,34
18892,P. Dummett,32,3.0,Defender,https://media-2.api-sports.io/football/players/18892.png,34
38734,S. Botman,23,4.0,Defender,https://media-3.api-sports.io/football/players/38734.png,34
2806,F. Schär,32,5.0,Defender,https://media-3.api-sports.io/football/players/2806.png,34
18894,J. Lascelles,30,6.0,Defender,https://media-2.api-sports.io/football/players/18894.png,34
19076,J. Lewis,25,12.0,Defender,https://media-1.api-sports.io/football/players/19076.png,34
18941,M. Targett,28,13.0,Defender,https://media-2.api-sports.io/football/players/18941.png,34
2855,E. Krafth,29,17.0,Defender,https://media-1.api-sports.io/football/players/2855.png,34
18896,Javi Manquillo,29,19.0,Defender,https://media-1.api-sports.io/football/players/18896.png,34
18961,D. Burn,31,33.0,Defender,https://media-1.api-sports.io/football/players/18961.png,34
171058,H. Ashby,22,,Defender,https://media-3.api-sports.io/football/players/171058.png,34
18903,M. Ritchie,34,11.0,Midfielder,https://media-3.api-sports.io/football/players/18903.png,34
18873,R. Fraser,29,21.0,Midfielder,https://media-2.api-sports.io/football/players/18873.png,34
19163,J. Murphy,28,23.0,Midfielder,https://media-2.api-sports.io/football/players/19163.png,34
2507,M. Almirón,29,24.0,Midfielder,https://media-2.api-sports.io/football/players/2507.png,34
1463,J. Willock,24,28.0,Midfielder,https://media-1.api-sports.io/football/players/1463.png,34
138908,E. Anderson,21,32.0,Midfielder,https://media-1.api-sports.io/football/players/138908.png,34
18901,S. Longstaff,26,36.0,Midfielder,https://media-3.api-sports.io/football/players/18901.png,34
10135,Bruno Guimarães,26,39.0,Midfielder,https://media-3.api-sports.io/football/players/10135.png,34
328105,L. Miley,17,81.0,Midfielder,https://media-1.api-sports.io/football/players/328105.png,34
130419,M. Longstaff,23,,Midfielder,https://media-3.api-sports.io/football/players/130419.png,34
723,Joelinton,27,7.0,Attacker,https://media-1.api-sports.io/football/players/723.png,34
138787,A. Gordon,22,8.0,Attacker,https://media-1.api-sports.io/football/players/138787.png,34
2939,C. Wilson,31,9.0,Attacker,https://media-3.api-sports.io/football/players/2939.png,34
22173,A. Saint-Maximin,26,10.0,Attacker,https://media-2.api-sports.io/football/players/22173.png,34
2864,A. Isak,24,14.0,Attacker,https://media-3.api-sports.io/football/players/2864.png,34
19038,B. Hamer,36,1.0,Goalkeeper,https://media-1.api-sports.io/football/players/19038.png,38
44775,D. Bachmann,29,26.0,Goalkeeper,https://media-1.api-sports.io/football/players/44775.png,38
143648,M. Okoye,24,35.0,Goalkeeper,https://media-1.api-sports.io/football/players/143648.png,38
170876,M. Roberts,22,62.0,Goalkeeper,https://media-3.api-sports.io/football/players/170876.png,38
1691,Mario Gaspar,33,3.0,Defender,https://media-2.api-sports.io/football/players/1691.png,38
127634,João Ferreira,22,13.0,Defender,https://media-2.api-sports.io/football/players/127634.png,38
22007,H. Kamara,29,14.0,Defender,https://media-3.api-sports.io/football/players/22007.png,38
18793,C. Cathcart,34,15.0,Defender,https://media-3.api-sports.io/football/players/18793.png,38
44836,R. Porteous,24,22.0,Defender,https://media-3.api-sports.io/football/players/44836.png,38
18797,C. Kabasele,32,27.0,Defender,https://media-2.api-sports.io/football/players/18797.png,38
19177,K. Hause,28,30.0,Defender,https://media-3.api-sports.io/football/players/19177.png,38
31016,F. Sierralta,26,31.0,Defender,https://media-3.api-sports.io/football/players/31016.png,38
167660,J. Morris,22,42.0,Defender,https://media-1.api-sports.io/football/players/167660.png,38
47430,W. Hoedt,29,44.0,Defender,https://media-2.api-sports.io/football/players/47430.png,38
403064,H. Amass,16,,Defender,https://media-2.api-sports.io/football/players/403064.png,38
384800,R. Andrews,19,,Defender,https://media-2.api-sports.io/football/players/384800.png,38
35836,J. Segura,26,,Defender,https://media-3.api-sports.io/football/players/35836.png,38
18779,H. Choudhury,26,4.0,Midfielder,https://media-3.api-sports.io/football/players/18779.png,38
21100,I. Louza,24,6.0,Midfielder,https://media-3.api-sports.io/football/players/21100.png,38
18804,T. Cleverley,34,8.0,Midfielder,https://media-3.api-sports.io/football/players/18804.png,38
328046,I. Koné,21,11.0,Midfielder,https://media-3.api-sports.io/football/players/328046.png,38
2860,K. Sema,30,12.0,Midfielder,https://media-2.api-sports.io/football/players/2860.png,38
18874,D. Gosling,33,16.0,Midfielder,https://media-3.api-sports.io/football/players/18874.png,38
281795,Y. Asprilla,20,18.0,Midfielder,https://media-1.api-sports.io/football/players/281795.png,38
127470,T. Dele-Bashiru,24,24.0,Midfielder,https://media-2.api-sports.io/football/players/127470.png,38
18997,L. Bacuna,32,25.0,Midfielder,https://media-2.api-sports.io/football/players/18997.png,38
305821,Matheus Martins,20,37.0,Midfielder,https://media-2.api-sports.io/football/players/305821.png,38
1424,E. Kayembe,25,39.0,Midfielder,https://media-3.api-sports.io/football/players/1424.png,38
347936,M. Delyfer,19,,Midfielder,https://media-1.api-sports.io/football/players/347936.png,38
193296,J. Ngakia,23,2.0,Attacker,https://media-2.api-sports.io/football/players/193296.png,38
19185,K. Davis,25,7.0,Attacker,https://media-1.api-sports.io/football/players/19185.png,38
10329,João Pedro,22,10.0,Attacker,https://media-1.api-sports.io/football/players/10329.png,38
162098,Henrique Araújo,21,21.0,Attacker,https://media-3.api-sports.io/football/players/162098.png,38
2218,I. Sarr,25,23.0,Attacker,https://media-1.api-sports.io/football/players/2218.png,38
1276,S. Kalu,26,28.0,Attacker,https://media-1.api-sports.io/football/players/1276.png,38
19249,B. Assombalonga,31,34.0,Attacker,https://media-1.api-sports.io/football/players/19249.png,38
403063,M. Adu-Poku,18,49.0,Attacker,https://media-1.api-sports.io/football/players/403063.png,38
367472,A. Blake,18,50.0,Attacker,https://media-2.api-sports.io/football/players/367472.png,38
367473,J. Grieves,19,53.0,Attacker,https://media-1.api-sports.io/football/players/367473.png,38
392434,T. Adeyemo,18,54.0,Attacker,https://media-3.api-sports.io/football/players/392434.png,38
1590,José Sá,30,1.0,Goalkeeper,https://media-1.api-sports.io/football/players/1590.png,39
19341,D. Bentley,30,25.0,Goalkeeper,https://media-1.api-sports.io/football/players/19341.png,39
144741,L. Moulden,21,,Goalkeeper,https://media-1.api-sports.io/football/players/144741.png,39
21138,R. Aït-Nouri,22,3.0,Defender,https://media-2.api-sports.io/football/players/21138.png,39
19495,N. Collins,22,4.0,Defender,https://media-2.api-sports.io/football/players/19495.png,39
19147,C. Dawson,33,15.0,Defender,https://media-1.api-sports.io/football/players/19147.png,39
18740,Jonny Castro,29,19.0,Defender,https://media-3.api-sports.io/football/players/18740.png,39
130,Nélson Semedo,30,22.0,Defender,https://media-2.api-sports.io/football/players/130.png,39
18744,M. Kilman,26,23.0,Defender,https://media-2.api-sports.io/football/players/18744.png,39
41606,Toti,24,24.0,Defender,https://media-1.api-sports.io/football/players/41606.png,39
280687,Hugo Bueno,21,64.0,Defender,https://media-3.api-sports.io/football/players/280687.png,39
284237,D. Lembikisa,20,81.0,Defender,https://media-3.api-sports.io/football/players/284237.png,39
152957,L. Richards,22,,Defender,https://media-3.api-sports.io/football/players/152957.png,39
18947,M. Lemina,30,5.0,Midfielder,https://media-3.api-sports.io/football/players/18947.png,39
157912,B. Traoré,22,6.0,Midfielder,https://media-1.api-sports.io/football/players/157912.png,39
2676,Rúben Neves,26,8.0,Midfielder,https://media-1.api-sports.io/football/players/2676.png,39
1605,Daniel Podence,28,10.0,Midfielder,https://media-2.api-sports.io/football/players/1605.png,39
2056,Pablo Sarabia,31,21.0,Midfielder,https://media-1.api-sports.io/football/players/2056.png,39
41621,Matheus Nunes,25,27.0,Midfielder,https://media-2.api-sports.io/football/players/41621.png,39
2677,João Moutinho,37,28.0,Midfielder,https://media-1.api-sports.io/football/players/2677.png,39
195103,João Gomes,22,35.0,Midfielder,https://media-1.api-sports.io/football/players/195103.png,39
204033,J. Hodge,21,59.0,Midfielder,https://media-1.api-sports.io/football/players/204033.png,39
284262,H. Griffiths,20,66.0,Midfielder,https://media-1.api-sports.io/football/players/284262.png,39
1864,Pedro Neto,23,7.0,Attacker,https://media-3.api-sports.io/football/players/1864.png,39
2887,R. Jiménez,32,9.0,Attacker,https://media-1.api-sports.io/football/players/2887.png,39
24888,Hwang Hee-Chan,27,11.0,Attacker,https://media-1.api-sports.io/football/players/24888.png,39
1165,Matheus Cunha,24,12.0,Attacker,https://media-1.api-sports.io/football/players/1165.png,39
7722,S. Kalajdzic,26,18.0,Attacker,https://media-3.api-sports.io/football/players/7722.png,39
195962,Chiquinho,23,20.0,Attacker,https://media-1.api-sports.io/football/players/195962.png,39
54,Diego Costa,35,29.0,Attacker,https://media-3.api-sports.io/football/players/54.png,39
18753,Adama Traoré,27,37.0,Attacker,https://media-1.api-sports.io/football/players/18753.png,39
303019,N. Fraser,18,63.0,Attacker,https://media-2.api-sports.io/football/players/303019.png,39
280,Alisson,31,1.0,Goalkeeper,https://media-1.api-sports.io/football/players/280.png,40
18812,Adrián,36,13.0,Goalkeeper,https://media-2.api-sports.io/football/players/18812.png,40
281,C. Kelleher,25,62.0,Goalkeeper,https://media-2.api-sports.io/football/players/281.png,40
180316,H. Davies,20,95.0,Goalkeeper,https://media-2.api-sports.io/football/players/180316.png,40
284,J. Gomez,26,2.0,Defender,https://media-1.api-sports.io/football/players/284.png,40
290,V. van Dijk,32,4.0,Defender,https://media-1.api-sports.io/football/players/290.png,40
1145,I. Konaté,24,5.0,Defender,https://media-3.api-sports.io/football/players/1145.png,40
1600,K. Tsimikas,27,21.0,Defender,https://media-1.api-sports.io/football/players/1600.png,40
135525,C. Ramsay,20,22.0,Defender,https://media-2.api-sports.io/football/players/135525.png,40
289,A. Robertson,29,26.0,Defender,https://media-3.api-sports.io/football/players/289.png,40
286,J. Matip,32,32.0,Defender,https://media-2.api-sports.io/football/players/286.png,40
310187,Stefan Bajčetić,19,43.0,Defender,https://media-1.api-sports.io/football/players/310187.png,40
162904,R. Williams,22,46.0,Defender,https://media-2.api-sports.io/football/players/162904.png,40
127472,N. Phillips,26,47.0,Defender,https://media-2.api-sports.io/football/players/127472.png,40
283,T. Alexander-Arnold,25,66.0,Defender,https://media-1.api-sports.io/football/players/283.png,40
299,Fabinho,30,3.0,Midfielder,https://media-3.api-sports.io/football/players/299.png,40
507,Thiago Alcântara,32,6.0,Midfielder,https://media-3.api-sports.io/football/players/507.png,40
296,J. Milner,37,7.0,Midfielder,https://media-3.api-sports.io/football/players/296.png,40
294,N. Keïta,28,8.0,Midfielder,https://media-1.api-sports.io/football/players/294.png,40
292,J. Henderson,33,14.0,Midfielder,https://media-3.api-sports.io/football/players/292.png,40
297,A. Oxlade-Chamberlain,30,15.0,Midfielder,https://media-2.api-sports.io/football/players/297.png,40
293,C. Jones,22,17.0,Midfielder,https://media-3.api-sports.io/football/players/293.png,40
19035,H. Elliott,20,19.0,Midfielder,https://media-1.api-sports.io/football/players/19035.png,40
153066,Fábio Carvalho,21,28.0,Midfielder,https://media-3.api-sports.io/football/players/153066.png,40
150,Arthur,27,29.0,Midfielder,https://media-2.api-sports.io/football/players/150.png,40
302,Roberto Firmino,32,9.0,Attacker,https://media-1.api-sports.io/football/players/302.png,40
306,Mohamed Salah,31,11.0,Attacker,https://media-2.api-sports.io/football/players/306.png,40
247,C. Gakpo,24,18.0,Attacker,https://media-1.api-sports.io/football/players/247.png,40
2678,Diogo Jota,27,20.0,Attacker,https://media-2.api-sports.io/football/players/2678.png,40
2489,L. Díaz,26,23.0,Attacker,https://media-3.api-sports.io/football/players/2489.png,40
51617,D. Núñez,24,27.0,Attacker,https://media-2.api-sports.io/football/players/51617.png,40
334729,B. Clark,18,42.0,Attacker,https://media-3.api-sports.io/football/players/334729.png,40
343576,B. Doak,18,50.0,Attacker,https://media-1.api-sports.io/football/players/343576.png,40
284248,M. Frauendorf,19,94.0,Attacker,https://media-1.api-sports.io/football/players/284248.png,40
152977,L. Stewart,21,,Attacker,https://media-3.api-sports.io/football/players/152977.png,40
18935,A. McCarthy,34,1.0,Goalkeeper,https://media-1.api-sports.io/football/players/18935.png,41
2275,W. Caballero,42,13.0,Goalkeeper,https://media-2.api-sports.io/football/players/2275.png,41
105971,G. Bazunu,21,31.0,Goalkeeper,https://media-3.api-sports.io/football/players/105971.png,41
171,K. Walker-Peters,26,2.0,Defender,https://media-3.api-sports.io/football/players/171.png,41
30476,Lyanco,26,4.0,Defender,https://media-1.api-sports.io/football/players/30476.png,41
1902,D. Ćaleta-Car,27,6.0,Defender,https://media-1.api-sports.io/football/players/1902.png,41
19719,J. Bree,26,14.0,Defender,https://media-1.api-sports.io/football/players/19719.png,41
20600,R. Perraud,26,15.0,Defender,https://media-3.api-sports.io/football/players/20600.png,41
158694,V. Livramento,21,21.0,Defender,https://media-3.api-sports.io/football/players/158694.png,41
47480,M. Salisu,24,22.0,Defender,https://media-1.api-sports.io/football/players/47480.png,41
284264,Juan Larios,19,28.0,Defender,https://media-1.api-sports.io/football/players/284264.png,41
2999,J. Bednarek,27,35.0,Defender,https://media-3.api-sports.io/football/players/2999.png,41
25061,A. Bella-Kotchap,22,37.0,Defender,https://media-3.api-sports.io/football/players/25061.png,41
1456,A. Maitland-Niles,26,3.0,Midfielder,https://media-2.api-sports.io/football/players/1456.png,41
19825,J. Aribo,27,7.0,Midfielder,https://media-1.api-sports.io/football/players/19825.png,41
2938,J. Ward-Prowse,29,8.0,Midfielder,https://media-2.api-sports.io/football/players/2938.png,41
18945,S. Armstrong,31,17.0,Midfielder,https://media-1.api-sports.io/football/players/18945.png,41
2114,M. Djenepo,25,19.0,Midfielder,https://media-3.api-sports.io/football/players/2114.png,41
199837,K. Sulemana,21,20.0,Midfielder,https://media-2.api-sports.io/football/players/199837.png,41
18946,M. Elyounoussi,29,24.0,Midfielder,https://media-3.api-sports.io/football/players/18946.png,41
195993,C. Alcaraz,21,26.0,Midfielder,https://media-3.api-sports.io/football/players/195993.png,41
20557,I. Diallo,24,27.0,Midfielder,https://media-2.api-sports.io/football/players/20557.png,41
282125,R. Lavia,19,45.0,Midfielder,https://media-2.api-sports.io/football/players/282125.png,41
284424,D. Edwards,20,,Midfielder,https://media-1.api-sports.io/football/players/284424.png,41
303462,K. Doyle,18,,Midfielder,https://media-3.api-sports.io/football/players/303462.png,41
19484,A. Armstrong,26,9.0,Attacker,https://media-3.api-sports.io/football/players/19484.png,41
19524,C. Adams,27,10.0,Attacker,https://media-3.api-sports.io/football/players/19524.png,41
1330,M. Oršić,31,11.0,Attacker,https://media-3.api-sports.io/football/players/1330.png,41
15812,P. Onuachu,29,12.0,Attacker,https://media-1.api-sports.io/football/players/15812.png,41
190686,S. Mara,21,18.0,Attacker,https://media-3.api-sports.io/football/players/190686.png,41
278085,S. Edozie,20,23.0,Attacker,https://media-1.api-sports.io/football/players/278085.png,41
18769,T. Walcott,34,32.0,Attacker,https://media-2.api-sports.io/football/players/18769.png,41
330982,J. Morgan,17,46.0,Attacker,https://media-2.api-sports.io/football/players/330982.png,41
303460,D. Ballard,18,,Attacker,https://media-3.api-sports.io/football/players/303460.png,41
20355,A. Ramsdale,25,1.0,Goalkeeper,https://media-2.api-sports.io/football/players/20355.png,42
50999,M. Turner,29,30.0,Goalkeeper,https://media-1.api-sports.io/football/players/50999.png,42
169295,K. Hein,21,31.0,Goalkeeper,https://media-1.api-sports.io/football/players/169295.png,42
138843,J. Hillson,22,,Goalkeeper,https://media-1.api-sports.io/football/players/138843.png,42
1117,K. Tierney,26,3.0,Defender,https://media-2.api-sports.io/football/players/1117.png,42
19959,B. White,26,4.0,Defender,https://media-1.api-sports.io/football/players/19959.png,42
22224,Gabriel Magalhães,26,6.0,Defender,https://media-2.api-sports.io/football/players/22224.png,42
22090,W. Saliba,22,12.0,Defender,https://media-2.api-sports.io/football/players/22090.png,42
61431,J. Kiwior,23,15.0,Defender,https://media-2.api-sports.io/football/players/61431.png,42
1440,R. Holding,28,16.0,Defender,https://media-1.api-sports.io/football/players/1440.png,42
2597,T. Tomiyasu,25,18.0,Defender,https://media-2.api-sports.io/football/players/2597.png,42
284439,L. Sousa,18,96.0,Defender,https://media-2.api-sports.io/football/players/284439.png,42
309505,R. Walters,19,97.0,Defender,https://media-2.api-sports.io/football/players/309505.png,42
49,T. Partey,30,5.0,Midfielder,https://media-2.api-sports.io/football/players/49.png,42
1460,B. Saka,22,7.0,Midfielder,https://media-2.api-sports.io/football/players/1460.png,42
37127,M. Ødegaard,25,8.0,Midfielder,https://media-2.api-sports.io/football/players/37127.png,42
1161,E. Smith Rowe,23,10.0,Midfielder,https://media-1.api-sports.io/football/players/1161.png,42
2289,Jorginho,32,20.0,Midfielder,https://media-2.api-sports.io/football/players/2289.png,42
41725,Fábio Vieira,23,21.0,Midfielder,https://media-2.api-sports.io/football/players/41725.png,42
1452,Mohamed Elneny,31,25.0,Midfielder,https://media-2.api-sports.io/football/players/1452.png,42
1464,G. Xhaka,31,34.0,Midfielder,https://media-3.api-sports.io/football/players/1464.png,42
641,O. Zinchenko,27,35.0,Midfielder,https://media-3.api-sports.io/football/players/641.png,42
167658,M. Smith,23,72.0,Midfielder,https://media-3.api-sports.io/football/players/167658.png,42
313236,E. Nwaneri,16,83.0,Midfielder,https://media-1.api-sports.io/football/players/313236.png,42
309501,A. Cozier-Duberry,18,85.0,Midfielder,https://media-2.api-sports.io/football/players/309501.png,42
278075,C. Cîrjan,21,,Midfielder,https://media-2.api-sports.io/football/players/278075.png,42
284540,Mauro Bandeira,19,,Midfielder,https://media-2.api-sports.io/football/players/284540.png,42
309507,B. Ibrahim,19,,Midfielder,https://media-1.api-sports.io/football/players/309507.png,42
643,Gabriel Jesus,26,9.0,Attacker,https://media-3.api-sports.io/football/players/643.png,42
127769,Gabriel Martinelli,22,11.0,Attacker,https://media-1.api-sports.io/football/players/127769.png,42
1468,E. Nketiah,24,14.0,Attacker,https://media-2.api-sports.io/football/players/1468.png,42
1946,L. Trossard,29,19.0,Attacker,https://media-3.api-sports.io/football/players/1946.png,42
727,R. Nelson,24,24.0,Attacker,https://media-1.api-sports.io/football/players/727.png,42
284062,K. Edwards,20,,Attacker,https://media-3.api-sports.io/football/players/284062.png,42
284571,C. Sagoe,19,,Attacker,https://media-1.api-sports.io/football/players/284571.png,42
19115,B. Peacock-Farrell,27,15.0,Goalkeeper,https://media-2.api-sports.io/football/players/19115.png,44
162528,D. Franchi,21,20.0,Goalkeeper,https://media-3.api-sports.io/football/players/162528.png,44
296665,C. Casper,18,40.0,Goalkeeper,https://media-1.api-sports.io/football/players/296665.png,44
616,A. Murić,25,49.0,Goalkeeper,https://media-1.api-sports.io/football/players/616.png,44
18918,C. Taylor,30,3.0,Defender,https://media-3.api-sports.io/football/players/18918.png,44
144729,T. Harwood-Bellis,21,5.0,Defender,https://media-3.api-sports.io/football/players/144729.png,44
19331,C. Roberts,28,14.0,Defender,https://media-3.api-sports.io/football/players/19331.png,44
47903,H. Ekdal,25,18.0,Defender,https://media-1.api-sports.io/football/players/47903.png,44
8661,Vitinho,24,22.0,Defender,https://media-3.api-sports.io/football/players/8661.png,44
323449,A. Al-Dakhil,21,28.0,Defender,https://media-3.api-sports.io/football/players/323449.png,44
138816,I. Maatsen,21,29.0,Defender,https://media-2.api-sports.io/football/players/138816.png,44
25628,J. Beyer,23,36.0,Defender,https://media-2.api-sports.io/football/players/25628.png,44
284212,D. Sassi,20,,Defender,https://media-1.api-sports.io/football/players/284212.png,44
18922,J. Cork,34,4.0,Midfielder,https://media-1.api-sports.io/football/players/18922.png,44
2790,J. Guðmunds­son,33,7.0,Midfielder,https://media-3.api-sports.io/football/players/2790.png,44
19268,J. Brownhill,28,8.0,Midfielder,https://media-3.api-sports.io/football/players/19268.png,44
69403,S. Twine,24,11.0,Midfielder,https://media-2.api-sports.io/football/players/69403.png,44
231029,N. Tella,24,23.0,Midfielder,https://media-1.api-sports.io/football/players/231029.png,44
19827,J. Cullen,27,24.0,Midfielder,https://media-3.api-sports.io/football/players/19827.png,44
2109,S. Bastien,27,26.0,Midfielder,https://media-1.api-sports.io/football/players/2109.png,44
105789,D. Churlinov,23,27.0,Midfielder,https://media-1.api-sports.io/football/players/105789.png,44
308864,J. Bauress,17,,Midfielder,https://media-3.api-sports.io/football/players/308864.png,44
138821,M. Lewis,22,,Midfielder,https://media-2.api-sports.io/football/players/138821.png,44
19169,J. Rodríguez,34,9.0,Attacker,https://media-1.api-sports.io/football/players/19169.png,44
18927,A. Barnes,34,10.0,Attacker,https://media-3.api-sports.io/football/players/18927.png,44
98936,L. Foster,23,12.0,Attacker,https://media-3.api-sports.io/football/players/98936.png,44
8589,B. Manuel,26,17.0,Attacker,https://media-1.api-sports.io/football/players/8589.png,44
129169,A. Zaroury,23,19.0,Attacker,https://media-1.api-sports.io/football/players/129169.png,44
37440,H. Dervişoğlu,24,30.0,Attacker,https://media-3.api-sports.io/football/players/37440.png,44
18957,M. Obafemi,23,45.0,Attacker,https://media-3.api-sports.io/football/players/18957.png,44
2932,J. Pickford,29,1.0,Goalkeeper,https://media-3.api-sports.io/football/players/2932.png,45
18858,A. Begović,36,15.0,Goalkeeper,https://media-3.api-sports.io/football/players/18858.png,45
20224,A. Lonergan,40,31.0,Goalkeeper,https://media-3.api-sports.io/football/players/20224.png,45
20069,B. Crellin,23,,Goalkeeper,https://media-2.api-sports.io/football/players/20069.png,45
2936,J. Tarkowski,31,2.0,Defender,https://media-3.api-sports.io/football/players/2936.png,45
138417,N. Patterson,22,3.0,Defender,https://media-3.api-sports.io/football/players/138417.png,45
19150,M. Holgate,27,4.0,Defender,https://media-1.api-sports.io/football/players/19150.png,45
2934,M. Keane,30,5.0,Defender,https://media-3.api-sports.io/football/players/2934.png,45
2484,Y. Mina,29,13.0,Defender,https://media-1.api-sports.io/football/players/2484.png,45
2165,V. Mykolenko,24,19.0,Defender,https://media-2.api-sports.io/football/players/2165.png,45
19073,B. Godfrey,25,22.0,Defender,https://media-2.api-sports.io/football/players/19073.png,45
18758,S. Coleman,35,23.0,Defender,https://media-1.api-sports.io/football/players/18758.png,45
18745,Rúben Vinagre,24,29.0,Defender,https://media-1.api-sports.io/football/players/18745.png,45
18741,C. Coady,30,30.0,Defender,https://media-1.api-sports.io/football/players/18741.png,45
138849,K. John,22,48.0,Defender,https://media-3.api-sports.io/football/players/138849.png,45
284327,R. Welch,20,64.0,Defender,https://media-2.api-sports.io/football/players/284327.png,45
328093,I. Samuels-Smith,17,,Defender,https://media-3.api-sports.io/football/players/328093.png,45
162714,A. Onana,22,8.0,Midfielder,https://media-2.api-sports.io/football/players/162714.png,45
18854,A. Townsend,32,14.0,Midfielder,https://media-2.api-sports.io/football/players/18854.png,45
18805,A. Doucouré,30,16.0,Midfielder,https://media-2.api-sports.io/football/players/18805.png,45
18762,T. Davies,25,26.0,Midfielder,https://media-3.api-sports.io/football/players/18762.png,45
2990,I. Gueye,34,27.0,Midfielder,https://media-1.api-sports.io/football/players/2990.png,45
895,J. Garner,22,37.0,Midfielder,https://media-3.api-sports.io/football/players/895.png,45
284187,S. Mills,20,56.0,Midfielder,https://media-1.api-sports.io/football/players/284187.png,45
284267,I. Price,20,60.0,Midfielder,https://media-2.api-sports.io/football/players/284267.png,45
18929,D. McNeil,24,7.0,Attacker,https://media-1.api-sports.io/football/players/18929.png,45
18766,D. Calvert-Lewin,26,9.0,Attacker,https://media-1.api-sports.io/football/players/18766.png,45
18781,D. Gray,27,11.0,Attacker,https://media-2.api-sports.io/football/players/18781.png,45
1455,A. Iwobi,27,17.0,Attacker,https://media-1.api-sports.io/football/players/1455.png,45
19364,N. Maupay,27,20.0,Attacker,https://media-3.api-sports.io/football/players/19364.png,45
138786,E. Simms,22,50.0,Attacker,https://media-1.api-sports.io/football/players/138786.png,45
18146,D. Ward,30,1.0,Goalkeeper,https://media-2.api-sports.io/football/players/18146.png,46
18985,A. Smithies,33,12.0,Goalkeeper,https://media-3.api-sports.io/football/players/18985.png,46
17736,D. Iversen,26,31.0,Goalkeeper,https://media-1.api-sports.io/football/players/17736.png,46
19760,J. Justin,25,2.0,Defender,https://media-1.api-sports.io/football/players/19760.png,46
8694,W. Faes,25,3.0,Defender,https://media-3.api-sports.io/football/players/8694.png,46
18776,Ç. Söyüncü,27,4.0,Defender,https://media-3.api-sports.io/football/players/18776.png,46
18936,R. Bertrand,34,5.0,Defender,https://media-3.api-sports.io/football/players/18936.png,46
18772,J. Evans,35,6.0,Defender,https://media-2.api-sports.io/football/players/18772.png,46
20079,H. Souttar,25,15.0,Defender,https://media-1.api-sports.io/football/players/20079.png,46
158710,V. Kristiansen,21,16.0,Defender,https://media-1.api-sports.io/football/players/158710.png,46
3421,D. Amartey,29,18.0,Defender,https://media-1.api-sports.io/football/players/3421.png,46
18771,Ricardo Pereira,30,21.0,Defender,https://media-2.api-sports.io/football/players/18771.png,46
18943,J. Vestergaard,31,23.0,Defender,https://media-1.api-sports.io/football/players/18943.png,46
2920,T. Castagne,28,27.0,Defender,https://media-3.api-sports.io/football/players/2920.png,46
152969,L. Thomas,22,33.0,Defender,https://media-1.api-sports.io/football/players/152969.png,46
284396,J. Wormleighton,20,60.0,Defender,https://media-1.api-sports.io/football/players/284396.png,46
18778,H. Barnes,26,7.0,Midfielder,https://media-2.api-sports.io/football/players/18778.png,46
2926,Y. Tielemans,26,8.0,Midfielder,https://media-1.api-sports.io/football/players/2926.png,46
18784,J. Maddison,27,10.0,Midfielder,https://media-1.api-sports.io/football/players/18784.png,46
148099,K. Dewsbury-Hall,25,22.0,Midfielder,https://media-2.api-sports.io/football/players/148099.png,46
18785,N. Mendy,31,24.0,Midfielder,https://media-3.api-sports.io/football/players/18785.png,46
18786,W. Ndidi,27,25.0,Midfielder,https://media-3.api-sports.io/football/players/18786.png,46
2925,D. Praet,29,26.0,Midfielder,https://media-2.api-sports.io/football/players/2925.png,46
138929,L. Brunt,23,34.0,Midfielder,https://media-2.api-sports.io/football/players/138929.png,46
284487,Wanya Marçal,21,40.0,Midfielder,https://media-1.api-sports.io/football/players/284487.png,46
22233,B. Soumaré,24,42.0,Midfielder,https://media-3.api-sports.io/football/players/22233.png,46
289624,S. Braybrooke,19,44.0,Midfielder,https://media-3.api-sports.io/football/players/289624.png,46
305733,W. Alves,18,,Midfielder,https://media-1.api-sports.io/football/players/305733.png,46
18788,J. Vardy,36,9.0,Attacker,https://media-2.api-sports.io/football/players/18788.png,46
2778,K. Ịheanachọ,27,14.0,Attacker,https://media-1.api-sports.io/football/players/2778.png,46
1098,P. Daka,25,20.0,Attacker,https://media-3.api-sports.io/football/players/1098.png,46
691,Tetê,23,37.0,Attacker,https://media-1.api-sports.io/football/players/691.png,46
159,H. Lloris,37,1.0,Goalkeeper,https://media-1.api-sports.io/football/players/159.png,47
18932,F. Forster,35,20.0,Goalkeeper,https://media-1.api-sports.io/football/players/18932.png,47
156428,B. Austin,24,40.0,Goalkeeper,https://media-1.api-sports.io/football/players/156428.png,47
161,A. Whiteman,25,41.0,Goalkeeper,https://media-2.api-sports.io/football/players/161.png,47
168,D. Sánchez,27,6.0,Defender,https://media-3.api-sports.io/football/players/168.png,47
1566,Emerson,24,12.0,Defender,https://media-3.api-sports.io/football/players/1566.png,47
175,E. Dier,29,15.0,Defender,https://media-2.api-sports.io/football/players/175.png,47
30776,C. Romero,25,17.0,Defender,https://media-2.api-sports.io/football/players/30776.png,47
47519,Pedro Porro,24,23.0,Defender,https://media-2.api-sports.io/football/players/47519.png,47
149550,J. Tanganga,24,25.0,Defender,https://media-2.api-sports.io/football/players/149550.png,47
164,B. Davies,30,33.0,Defender,https://media-3.api-sports.io/football/players/164.png,47
133,C. Lenglet,28,34.0,Defender,https://media-2.api-sports.io/football/players/133.png,47
311817,A. Dorrington,18,,Defender,https://media-2.api-sports.io/football/players/311817.png,47
154800,M. Fagan-Walcott,21,,Defender,https://media-2.api-sports.io/football/players/154800.png,47
162607,M. Muir,21,,Defender,https://media-3.api-sports.io/football/players/162607.png,47
60353,M. Paskotši,20,,Defender,https://media-2.api-sports.io/football/players/60353.png,47
331009,C. Sayers,19,,Defender,https://media-3.api-sports.io/football/players/331009.png,47
180,O. Skipp,23,4.0,Midfielder,https://media-1.api-sports.io/football/players/180.png,47
2735,P. Højbjerg,28,5.0,Midfielder,https://media-3.api-sports.io/football/players/2735.png,47
207,I. Perišić,34,14.0,Midfielder,https://media-3.api-sports.io/football/players/207.png,47
19032,R. Sessegnon,23,19.0,Midfielder,https://media-3.api-sports.io/football/players/19032.png,47
30435,D. Kulusevski,23,21.0,Midfielder,https://media-2.api-sports.io/football/players/30435.png,47
237129,P. Sarr,21,29.0,Midfielder,https://media-3.api-sports.io/football/players/237129.png,47
863,R. Bentancur,26,30.0,Midfielder,https://media-3.api-sports.io/football/players/863.png,47
18968,Y. Bissouma,27,38.0,Midfielder,https://media-3.api-sports.io/football/players/18968.png,47
273757,A. Devine,19,45.0,Midfielder,https://media-2.api-sports.io/football/players/273757.png,47
284414,R. Mundle,20,55.0,Midfielder,https://media-3.api-sports.io/football/players/284414.png,47
284418,K. Cesay,21,,Midfielder,https://media-2.api-sports.io/football/players/284418.png,47
284415,Yago Santiago,20,,Midfielder,https://media-2.api-sports.io/football/players/284415.png,47
162150,N. John,20,,Midfielder,https://media-1.api-sports.io/football/players/162150.png,47
162148,M. Robson,21,,Midfielder,https://media-1.api-sports.io/football/players/162148.png,47
186,Son Heung-Min,31,7.0,Attacker,https://media-3.api-sports.io/football/players/186.png,47
2413,Richarlison,26,9.0,Attacker,https://media-1.api-sports.io/football/players/2413.png,47
184,H. Kane,30,10.0,Attacker,https://media-1.api-sports.io/football/players/184.png,47
83,A. Danjuma,26,16.0,Attacker,https://media-1.api-sports.io/football/players/83.png,47
178,Lucas Moura,31,27.0,Attacker,https://media-2.api-sports.io/football/players/178.png,47
293163,J. Donley,18,,Attacker,https://media-3.api-sports.io/football/players/293163.png,47
393195,W. Lankshear,18,,Attacker,https://media-1.api-sports.io/football/players/393195.png,47
2997,Ł. Fabiański,38,1.0,Goalkeeper,https://media-2.api-sports.io/football/players/2997.png,48
253,A. Aréola,30,13.0,Goalkeeper,https://media-3.api-sports.io/football/players/253.png,48
144723,K. Hegyi,21,47.0,Goalkeeper,https://media-2.api-sports.io/football/players/144723.png,48
144709,J. Anang,23,49.0,Goalkeeper,https://media-3.api-sports.io/football/players/144709.png,48
18823,B. Johnson,23,2.0,Defender,https://media-1.api-sports.io/football/players/18823.png,48
18813,A. Cresswell,34,3.0,Defender,https://media-2.api-sports.io/football/players/18813.png,48
2726,K. Zouma,29,4.0,Defender,https://media-2.api-sports.io/football/players/2726.png,48
1231,V. Coufal,31,5.0,Defender,https://media-1.api-sports.io/football/players/1231.png,48
18817,A. Ogbonna,35,21.0,Defender,https://media-1.api-sports.io/football/players/18817.png,48
261,T. Kehrer,27,24.0,Defender,https://media-1.api-sports.io/football/players/261.png,48
21694,N. Aguerd,27,27.0,Defender,https://media-2.api-sports.io/football/players/21694.png,48
2284,Emerson,29,33.0,Defender,https://media-1.api-sports.io/football/players/2284.png,48
288116,K. Casey,19,70.0,Defender,https://media-1.api-sports.io/football/players/288116.png,48
171059,J. Baptiste,20,75.0,Defender,https://media-1.api-sports.io/football/players/171059.png,48
288125,R. Clayton,19,,Defender,https://media-2.api-sports.io/football/players/288125.png,48
284419,M. Forbes,19,,Defender,https://media-1.api-sports.io/football/players/284419.png,48
284060,L. Laing,20,,Defender,https://media-3.api-sports.io/football/players/284060.png,48
288279,Luizão,21,,Defender,https://media-1.api-sports.io/football/players/288279.png,48
1697,Pablo Fornals,27,8.0,Midfielder,https://media-2.api-sports.io/football/players/1697.png,48
2473,M. Lanzini,30,10.0,Midfielder,https://media-2.api-sports.io/football/players/2473.png,48
1646,Lucas Paquetá,26,11.0,Midfielder,https://media-2.api-sports.io/football/players/1646.png,48
19733,F. Downes,24,12.0,Midfielder,https://media-3.api-sports.io/football/players/19733.png,48
1243,T. Souček,28,28.0,Midfielder,https://media-2.api-sports.io/football/players/1243.png,48
2937,D. Rice,24,41.0,Midfielder,https://media-1.api-sports.io/football/players/2937.png,48
144725,K. Simon-Swyer,21,58.0,Midfielder,https://media-3.api-sports.io/football/players/144725.png,48
144720,K. Appiah-Forson,22,,Midfielder,https://media-3.api-sports.io/football/players/144720.png,48
288118,L. Orford,17,,Midfielder,https://media-3.api-sports.io/football/players/288118.png,48
284446,F. Potts,20,,Midfielder,https://media-1.api-sports.io/football/players/284446.png,48
327730,O. Scarles,18,,Midfielder,https://media-3.api-sports.io/football/players/327730.png,48
30544,G. Scamacca,24,7.0,Attacker,https://media-3.api-sports.io/football/players/30544.png,48
18819,M. Antonio,33,9.0,Attacker,https://media-1.api-sports.io/football/players/18819.png,48
665,M. Cornet,27,14.0,Attacker,https://media-3.api-sports.io/football/players/665.png,48
18955,D. Ings,31,18.0,Attacker,https://media-3.api-sports.io/football/players/18955.png,48
19428,J. Bowen,27,20.0,Attacker,https://media-1.api-sports.io/football/players/19428.png,48
19361,S. Benrahma,28,22.0,Attacker,https://media-3.api-sports.io/football/players/19361.png,48
284409,D. Mubama,19,72.0,Attacker,https://media-2.api-sports.io/football/players/284409.png,48
2273,Kepa,29,1.0,Goalkeeper,https://media-1.api-sports.io/football/players/2273.png,49
19012,M. Bettinelli,31,13.0,Goalkeeper,https://media-2.api-sports.io/football/players/19012.png,49
2986,É. Mendy,31,16.0,Goalkeeper,https://media-3.api-sports.io/football/players/2986.png,49
152955,L. Bergström,21,36.0,Goalkeeper,https://media-3.api-sports.io/football/players/152955.png,49
64167,G. Słonina,19,,Goalkeeper,https://media-1.api-sports.io/football/players/64167.png,49
95,B. Badiashile,22,4.0,Defender,https://media-1.api-sports.io/football/players/95.png,49
259,Thiago Silva,39,6.0,Defender,https://media-2.api-sports.io/football/players/259.png,49
19720,T. Chalobah,24,14.0,Defender,https://media-2.api-sports.io/football/players/19720.png,49
2933,B. Chilwell,27,21.0,Defender,https://media-3.api-sports.io/football/players/2933.png,49
19545,R. James,24,24.0,Defender,https://media-1.api-sports.io/football/players/19545.png,49
318,K. Koulibaly,32,26.0,Defender,https://media-1.api-sports.io/football/players/318.png,49
2280,César Azpilicueta,34,28.0,Defender,https://media-2.api-sports.io/football/players/2280.png,49
47380,Marc Cucurella,25,32.0,Defender,https://media-1.api-sports.io/football/players/47380.png,49
22094,W. Fofana,23,33.0,Defender,https://media-3.api-sports.io/football/players/22094.png,49
5996,E. Fernández,22,5.0,Midfielder,https://media-1.api-sports.io/football/players/5996.png,49
2290,N. Kanté,32,7.0,Midfielder,https://media-1.api-sports.io/football/players/2290.png,49
2291,M. Kovačić,29,8.0,Midfielder,https://media-1.api-sports.io/football/players/2291.png,49
17,C. Pulišić,25,10.0,Midfielder,https://media-1.api-sports.io/football/players/17.png,49
2292,R. Loftus-Cheek,27,12.0,Midfielder,https://media-2.api-sports.io/football/players/2292.png,49
63577,M. Mudryk,22,15.0,Midfielder,https://media-2.api-sports.io/football/players/63577.png,49
19220,M. Mount,24,19.0,Midfielder,https://media-2.api-sports.io/football/players/19220.png,49
2810,D. Zakaria,27,20.0,Midfielder,https://media-3.api-sports.io/football/players/2810.png,49
548,H. Ziyech,30,22.0,Midfielder,https://media-1.api-sports.io/football/players/548.png,49
67972,C. Gallagher,23,23.0,Midfielder,https://media-2.api-sports.io/football/players/67972.png,49
978,K. Havertz,24,29.0,Midfielder,https://media-1.api-sports.io/football/players/978.png,49
138935,C. Chukwuemeka,20,30.0,Midfielder,https://media-3.api-sports.io/football/players/138935.png,49
274550,H. Vale,20,39.0,Midfielder,https://media-2.api-sports.io/football/players/274550.png,49
284428,O. Giraud-Hutchinson,20,56.0,Midfielder,https://media-3.api-sports.io/football/players/284428.png,49
284492,L. Hall,19,67.0,Midfielder,https://media-3.api-sports.io/football/players/284492.png,49
1465,P. Aubameyang,34,9.0,Attacker,https://media-1.api-sports.io/football/players/1465.png,49
583,João Félix,24,11.0,Attacker,https://media-2.api-sports.io/football/players/583.png,49
645,R. Sterling,29,17.0,Attacker,https://media-3.api-sports.io/football/players/645.png,49
138822,A. Broja,22,18.0,Attacker,https://media-1.api-sports.io/football/players/138822.png,49
291476,D. Fofana,21,27.0,Attacker,https://media-1.api-sports.io/football/players/291476.png,49
136723,N. Madueke,21,31.0,Attacker,https://media-3.api-sports.io/football/players/136723.png,49
25004,S. Ortega,31,18.0,Goalkeeper,https://media-2.api-sports.io/football/players/25004.png,50
617,Ederson,30,31.0,Goalkeeper,https://media-3.api-sports.io/football/players/617.png,50
19197,S. Carson,38,33.0,Goalkeeper,https://media-3.api-sports.io/football/players/19197.png,50
627,K. Walker,33,2.0,Defender,https://media-3.api-sports.io/football/players/627.png,50
567,Rúben Dias,26,3.0,Defender,https://media-2.api-sports.io/football/players/567.png,50
626,J. Stones,29,5.0,Defender,https://media-3.api-sports.io/football/players/626.png,50
18861,N. Aké,28,6.0,Defender,https://media-1.api-sports.io/football/players/18861.png,50
622,Aymeric Laporte,29,14.0,Defender,https://media-3.api-sports.io/football/players/622.png,50
5,M. Akanji,28,25.0,Defender,https://media-3.api-sports.io/football/players/5.png,50
284230,R. Lewis,19,82.0,Defender,https://media-2.api-sports.io/football/players/284230.png,50
284356,S. Charles,20,,Defender,https://media-2.api-sports.io/football/players/284356.png,50
19130,K. Phillips,28,4.0,Midfielder,https://media-1.api-sports.io/football/players/19130.png,50
633,İ. Gündoğan,33,8.0,Midfielder,https://media-2.api-sports.io/football/players/633.png,50
19187,J. Grealish,28,10.0,Midfielder,https://media-2.api-sports.io/football/players/19187.png,50
44,Rodri,27,16.0,Midfielder,https://media-2.api-sports.io/football/players/44.png,50
629,K. De Bruyne,32,17.0,Midfielder,https://media-2.api-sports.io/football/players/629.png,50
636,Bernardo Silva,29,20.0,Midfielder,https://media-2.api-sports.io/football/players/636.png,50
23,Sergio Gómez,23,21.0,Midfielder,https://media-3.api-sports.io/football/players/23.png,50
288699,M. Perrone,20,32.0,Midfielder,https://media-2.api-sports.io/football/players/288699.png,50
631,P. Foden,23,47.0,Midfielder,https://media-2.api-sports.io/football/players/631.png,50
152982,C. Palmer,21,80.0,Midfielder,https://media-1.api-sports.io/football/players/152982.png,50
144733,B. Knight,21,96.0,Midfielder,https://media-3.api-sports.io/football/players/144733.png,50
288109,A. Robertson,20,,Midfielder,https://media-3.api-sports.io/football/players/288109.png,50
1100,E. Haaland,23,9.0,Attacker,https://media-3.api-sports.io/football/players/1100.png,50
6009,J. Álvarez,23,19.0,Attacker,https://media-1.api-sports.io/football/players/6009.png,50
635,R. Mahrez,32,26.0,Attacker,https://media-1.api-sports.io/football/players/635.png,50
18959,Robert Sánchez,26,1.0,Goalkeeper,https://media-3.api-sports.io/football/players/18959.png,51
18960,J. Steele,33,23.0,Goalkeeper,https://media-3.api-sports.io/football/players/18960.png,51
167663,T. McGill,23,38.0,Goalkeeper,https://media-2.api-sports.io/football/players/167663.png,51
138815,T. Lamptey,23,2.0,Defender,https://media-3.api-sports.io/football/players/138815.png,51
19265,A. Webster,28,4.0,Defender,https://media-1.api-sports.io/football/players/19265.png,51
18963,L. Dunk,32,5.0,Defender,https://media-1.api-sports.io/football/players/18963.png,51
152953,L. Colwill,20,6.0,Defender,https://media-3.api-sports.io/football/players/152953.png,51
38695,J. van Hecke,23,29.0,Defender,https://media-3.api-sports.io/football/players/38695.png,51
46731,P. Estupiñán,25,30.0,Defender,https://media-1.api-sports.io/football/players/46731.png,51
537,J. Veltman,31,34.0,Defender,https://media-3.api-sports.io/football/players/537.png,51
282254,O. Offiah,21,42.0,Defender,https://media-1.api-sports.io/football/players/282254.png,51
18973,S. March,29,7.0,Midfielder,https://media-3.api-sports.io/football/players/18973.png,51
6716,A. Mac Allister,25,10.0,Midfielder,https://media-3.api-sports.io/football/players/6716.png,51
18970,P. Groß,32,13.0,Midfielder,https://media-1.api-sports.io/football/players/18970.png,51
295,A. Lallana,35,14.0,Midfielder,https://media-1.api-sports.io/football/players/295.png,51
40911,J. Moder,24,15.0,Midfielder,https://media-1.api-sports.io/football/players/40911.png,51
70747,J. Enciso,19,20.0,Midfielder,https://media-3.api-sports.io/football/players/70747.png,51
106835,K. Mitoma,26,22.0,Midfielder,https://media-2.api-sports.io/football/players/106835.png,51
116117,M. Caicedo,22,25.0,Midfielder,https://media-3.api-sports.io/football/players/116117.png,51
265820,Y. Ayari,20,26.0,Midfielder,https://media-3.api-sports.io/football/players/265820.png,51
130423,B. Gilmour,22,27.0,Midfielder,https://media-2.api-sports.io/football/players/130423.png,51
311334,F. Buonanotte,19,40.0,Midfielder,https://media-1.api-sports.io/football/players/311334.png,51
137220,A. Moran,20,49.0,Midfielder,https://media-1.api-sports.io/football/players/137220.png,51
305730,J. Hinshelwood,18,71.0,Midfielder,https://media-2.api-sports.io/football/players/305730.png,51
296121,J. Hinchy,20,,Midfielder,https://media-2.api-sports.io/football/players/296121.png,51
216809,C. Peupion,21,,Midfielder,https://media-3.api-sports.io/football/players/216809.png,51
1469,D. Welbeck,33,18.0,Attacker,https://media-2.api-sports.io/football/players/1469.png,51
202086,J. Sarmiento,21,19.0,Attacker,https://media-1.api-sports.io/football/players/202086.png,51
26475,D. Undav,27,21.0,Attacker,https://media-1.api-sports.io/football/players/26475.png,51
129643,E. Ferguson,19,28.0,Attacker,https://media-3.api-sports.io/football/players/129643.png,51
18835,Guaita,36,13.0,Goalkeeper,https://media-1.api-sports.io/football/players/18835.png,52
19143,S. Johnstone,30,21.0,Goalkeeper,https://media-1.api-sports.io/football/players/19143.png,52
284549,J. Whitworth,19,41.0,Goalkeeper,https://media-2.api-sports.io/football/players/284549.png,52
284554,O.Goodman,20,63.0,Goalkeeper,https://media-3.api-sports.io/football/players/284554.png,52
18847,J. Ward,34,2.0,Defender,https://media-3.api-sports.io/football/players/18847.png,52
182201,T. Mitchell,24,3.0,Defender,https://media-2.api-sports.io/football/players/182201.png,52
18844,J. Tomkins,34,5.0,Defender,https://media-1.api-sports.io/football/players/18844.png,52
67971,M. Guéhi,23,6.0,Defender,https://media-3.api-sports.io/football/players/67971.png,52
2729,J. Andersen,27,16.0,Defender,https://media-2.api-sports.io/football/players/2729.png,52
18862,N. Clyne,32,17.0,Defender,https://media-2.api-sports.io/football/players/18862.png,52
126949,C. Richards,23,26.0,Defender,https://media-1.api-sports.io/football/players/126949.png,52
127605,N. Ferguson,23,36.0,Defender,https://media-1.api-sports.io/football/players/127605.png,52
18853,J. Riedewald,27,44.0,Defender,https://media-3.api-sports.io/football/players/18853.png,52
18852,L. Milivojević,32,4.0,Midfielder,https://media-1.api-sports.io/football/players/18852.png,52
19617,M. Olise,22,7.0,Midfielder,https://media-3.api-sports.io/football/players/19617.png,52
1427,A. Lokonga,24,8.0,Midfielder,https://media-1.api-sports.io/football/players/1427.png,52
19586,E. Eze,25,10.0,Midfielder,https://media-3.api-sports.io/football/players/19586.png,52
18843,J. Schlupp,31,15.0,Midfielder,https://media-3.api-sports.io/football/players/18843.png,52
18849,J. McArthur,36,18.0,Midfielder,https://media-3.api-sports.io/football/players/18849.png,52
18806,W. Hughes,28,19.0,Midfielder,https://media-3.api-sports.io/football/players/18806.png,52
3339,C. Doucouré,23,28.0,Midfielder,https://media-2.api-sports.io/football/players/3339.png,52
152418,N. Ahamada,21,29.0,Midfielder,https://media-3.api-sports.io/football/players/152418.png,52
106086,K. Balmer,23,43.0,Midfielder,https://media-3.api-sports.io/football/players/106086.png,52
284551,J. Wells-Morrison,19,47.0,Midfielder,https://media-2.api-sports.io/football/players/284551.png,52
304320,D. Ozoh,18,77.0,Midfielder,https://media-2.api-sports.io/football/players/304320.png,52
301295,K. Rodney,19,78.0,Midfielder,https://media-1.api-sports.io/football/players/301295.png,52
3428,J. Ayew,32,9.0,Attacker,https://media-3.api-sports.io/football/players/3428.png,52
3247,W. Zaha,31,11.0,Attacker,https://media-2.api-sports.io/football/players/3247.png,52
25927,J. Mateta,26,14.0,Attacker,https://media-2.api-sports.io/football/players/25927.png,52
1135,O. Édouard,25,22.0,Attacker,https://media-1.api-sports.io/football/players/1135.png,52
313636,Adler Nascimento,19,,Attacker,https://media-1.api-sports.io/football/players/313636.png,52
19465,David Raya,28,1.0,Goalkeeper,https://media-3.api-sports.io/football/players/19465.png,55
1835,T. Strakosha,28,22.0,Goalkeeper,https://media-3.api-sports.io/football/players/1835.png,55
278041,M. Cox,20,34.0,Goalkeeper,https://media-1.api-sports.io/football/players/278041.png,55
44871,A. Hickey,21,2.0,Defender,https://media-1.api-sports.io/football/players/44871.png,55
19346,R. Henry,26,3.0,Defender,https://media-3.api-sports.io/football/players/19346.png,55
19789,E. Pinnock,30,5.0,Defender,https://media-2.api-sports.io/football/players/19789.png,55
2731,M. Jørgensen,33,13.0,Defender,https://media-3.api-sports.io/football/players/2731.png,55
18917,B. Mee,34,16.0,Defender,https://media-2.api-sports.io/football/players/18917.png,55
19124,P. Jansson,32,18.0,Defender,https://media-3.api-sports.io/football/players/19124.png,55
1119,K. Ajer,25,20.0,Defender,https://media-3.api-sports.io/football/players/1119.png,55
15745,M. Rasmussen,24,30.0,Defender,https://media-3.api-sports.io/football/players/15745.png,55
191337,T. Crama,22,32.0,Defender,https://media-3.api-sports.io/football/players/191337.png,55
276263,F. Stevens,20,33.0,Defender,https://media-1.api-sports.io/football/players/276263.png,55
30407,C. Nørgaard,29,6.0,Midfielder,https://media-1.api-sports.io/football/players/30407.png,55
47438,M. Jensen,27,8.0,Midfielder,https://media-2.api-sports.io/football/players/47438.png,55
19362,J. Dasilva,25,10.0,Midfielder,https://media-2.api-sports.io/football/players/19362.png,55
15799,F. Onyeka,25,15.0,Midfielder,https://media-3.api-sports.io/football/players/15799.png,55
15908,M. Damsgaard,23,24.0,Midfielder,https://media-2.api-sports.io/football/players/15908.png,55
20110,S. Baptiste,25,26.0,Midfielder,https://media-1.api-sports.io/football/players/20110.png,55
25073,V. Janelt,25,27.0,Midfielder,https://media-2.api-sports.io/football/players/25073.png,55
382925,R. Trevitt,20,35.0,Midfielder,https://media-2.api-sports.io/football/players/382925.png,55
263538,E. Yarmolyuk,19,36.0,Midfielder,https://media-1.api-sports.io/football/players/263538.png,55
178077,K. Schade,22,9.0,Attacker,https://media-2.api-sports.io/football/players/178077.png,55
20649,Y. Wissa,27,11.0,Attacker,https://media-1.api-sports.io/football/players/20649.png,55
2699,S. Ghoddos,30,14.0,Attacker,https://media-1.api-sports.io/football/players/2699.png,55
19974,I. Toney,27,17.0,Attacker,https://media-3.api-sports.io/football/players/19974.png,55
20589,B. Mbeumo,24,19.0,Attacker,https://media-2.api-sports.io/football/players/20589.png,55
106725,K. Lewis-Potter,22,23.0,Attacker,https://media-2.api-sports.io/football/players/106725.png,55
284474,M. Olakigbe,19,38.0,Attacker,https://media-3.api-sports.io/football/players/284474.png,55
215873,A. Gilbert,22,,Attacker,https://media-1.api-sports.io/football/players/215873.png,55
153261,N. Young-Coombes,20,,Attacker,https://media-1.api-sports.io/football/players/153261.png,55
20619,I. Meslier,23,1.0,Goalkeeper,https://media-1.api-sports.io/football/players/20619.png,63
39105,K. Klaesson,23,13.0,Goalkeeper,https://media-3.api-sports.io/football/players/39105.png,63
1558,Joel Robles,33,22.0,Goalkeeper,https://media-2.api-sports.io/football/players/1558.png,63
278240,H. Christy,20,55.0,Goalkeeper,https://media-1.api-sports.io/football/players/278240.png,63
282903,D. van den Heuvel,20,,Goalkeeper,https://media-1.api-sports.io/football/players/282903.png,63
19116,L. Ayling,32,2.0,Defender,https://media-3.api-sports.io/football/players/19116.png,63
1564,Junior Firpo,27,3.0,Defender,https://media-1.api-sports.io/football/players/1564.png,63
26238,R. Koch,27,5.0,Defender,https://media-1.api-sports.io/football/players/26238.png,63
19118,L. Cooper,32,6.0,Defender,https://media-1.api-sports.io/football/players/19118.png,63
19126,S. Dallas,32,15.0,Defender,https://media-2.api-sports.io/football/players/19126.png,63
64003,P. Struijk,24,21.0,Defender,https://media-3.api-sports.io/football/players/64003.png,63
533,R. Kristensen,26,25.0,Defender,https://media-2.api-sports.io/football/players/533.png,63
296085,Diogo Monteiro,18,34.0,Defender,https://media-3.api-sports.io/football/players/296085.png,63
2048,M. Wöber,25,39.0,Defender,https://media-2.api-sports.io/football/players/2048.png,63
278242,J. Chilokoa-Mullen,19,62.0,Defender,https://media-1.api-sports.io/football/players/278242.png,63
334734,J. Debayo,18,,Defender,https://media-2.api-sports.io/football/players/334734.png,63
278235,K. Moore,20,,Defender,https://media-2.api-sports.io/football/players/278235.png,63
19127,A. Forshaw,32,4.0,Midfielder,https://media-2.api-sports.io/football/players/19127.png,63
50739,B. Aaronson,23,7.0,Midfielder,https://media-2.api-sports.io/football/players/50739.png,63
47341,Marc Roca,27,8.0,Midfielder,https://media-3.api-sports.io/football/players/47341.png,63
19128,J. Harrison,27,11.0,Midfielder,https://media-3.api-sports.io/football/players/19128.png,63
1150,T. Adams,24,12.0,Midfielder,https://media-2.api-sports.io/football/players/1150.png,63
282124,D. Gyabi,19,18.0,Midfielder,https://media-2.api-sports.io/football/players/282124.png,63
415,W. McKennie,25,28.0,Midfielder,https://media-3.api-sports.io/football/players/415.png,63
328089,A. Gray,17,63.0,Midfielder,https://media-3.api-sports.io/football/players/328089.png,63
131278,C. Allen,20,,Midfielder,https://media-2.api-sports.io/football/players/131278.png,63
273760,A. Miller,21,,Midfielder,https://media-3.api-sports.io/football/players/273760.png,63
289608,J. Snowdon,19,,Midfielder,https://media-2.api-sports.io/football/players/289608.png,63
19134,P. Bamford,30,9.0,Attacker,https://media-3.api-sports.io/football/players/19134.png,63
37724,C. Summerville,22,10.0,Attacker,https://media-2.api-sports.io/football/players/37724.png,63
284408,S. Perkins,19,16.0,Attacker,https://media-2.api-sports.io/football/players/284408.png,63
935,Rodrigo,32,19.0,Attacker,https://media-1.api-sports.io/football/players/935.png,63
37161,L. Sinisterra,24,23.0,Attacker,https://media-3.api-sports.io/football/players/37161.png,63
90590,G. Rutter,21,24.0,Attacker,https://media-2.api-sports.io/football/players/90590.png,63
162128,W. Gnonto,20,29.0,Attacker,https://media-2.api-sports.io/football/players/162128.png,63
153400,S. Greenwood,21,42.0,Attacker,https://media-2.api-sports.io/football/players/153400.png,63
313059,Mateo Joseph,20,49.0,Attacker,https://media-2.api-sports.io/football/players/313059.png,63
19599,E. Martínez,31,1.0,Goalkeeper,https://media-2.api-sports.io/football/players/19599.png,66
19174,J. Steer,31,12.0,Goalkeeper,https://media-3.api-sports.io/football/players/19174.png,66
766,R. Olsen,33,25.0,Goalkeeper,https://media-2.api-sports.io/football/players/766.png,66
169291,V. Sinisalo,22,38.0,Goalkeeper,https://media-3.api-sports.io/football/players/169291.png,66
148270,O. Zych,19,48.0,Goalkeeper,https://media-1.api-sports.io/football/players/148270.png,66
284390,J. Wright,19,64.0,Goalkeeper,https://media-3.api-sports.io/football/players/284390.png,66
19298,M. Cash,26,2.0,Defender,https://media-2.api-sports.io/football/players/19298.png,66
21090,Diego Carlos,30,3.0,Defender,https://media-2.api-sports.io/football/players/21090.png,66
19354,E. Konsa,26,4.0,Defender,https://media-2.api-sports.io/football/players/19354.png,66
19179,T. Mings,30,5.0,Defender,https://media-2.api-sports.io/football/players/19179.png,66
47547,Álex Moreno,30,15.0,Defender,https://media-1.api-sports.io/football/players/47547.png,66
19016,C. Chambers,28,16.0,Defender,https://media-2.api-sports.io/football/players/19016.png,66
894,A. Young,38,18.0,Defender,https://media-3.api-sports.io/football/players/894.png,66
2724,L. Digne,30,27.0,Defender,https://media-3.api-sports.io/football/players/2724.png,66
2922,L. Dendoncker,28,32.0,Defender,https://media-3.api-sports.io/football/players/2922.png,66
284523,S. Swinkels,19,50.0,Defender,https://media-2.api-sports.io/football/players/284523.png,66
278123,S. Revan,20,56.0,Defender,https://media-2.api-sports.io/football/players/278123.png,66
47522,Douglas Luiz,25,6.0,Midfielder,https://media-2.api-sports.io/football/players/47522.png,66
19191,J.  McGinn,29,7.0,Midfielder,https://media-3.api-sports.io/football/players/19191.png,66
19071,E. Buendía,27,10.0,Midfielder,https://media-3.api-sports.io/football/players/19071.png,66
147,Philippe Coutinho,31,23.0,Midfielder,https://media-1.api-sports.io/football/players/147.png,66
19192,J. Ramsey,22,41.0,Midfielder,https://media-3.api-sports.io/football/players/19192.png,66
1904,B. Kamara,24,44.0,Midfielder,https://media-3.api-sports.io/football/players/1904.png,66
671,B. Traoré,28,9.0,Attacker,https://media-3.api-sports.io/football/players/671.png,66
19366,O. Watkins,28,11.0,Attacker,https://media-2.api-sports.io/football/players/19366.png,66
13489,J. Durán,20,22.0,Attacker,https://media-1.api-sports.io/football/players/13489.png,66
983,L. Bailey,26,31.0,Attacker,https://media-2.api-sports.io/football/players/983.png,66
312260,K. Young,17,72.0,Attacker,https://media-2.api-sports.io/football/players/312260.png,66
19061,T. Krul,35,1.0,Goalkeeper,https://media-3.api-sports.io/football/players/19061.png,71
18933,A. Gunn,27,28.0,Goalkeeper,https://media-2.api-sports.io/football/players/18933.png,71
19062,M. McGovern,39,33.0,Goalkeeper,https://media-1.api-sports.io/football/players/19062.png,71
19070,M. Aarons,23,2.0,Defender,https://media-2.api-sports.io/football/players/19070.png,71
19287,S. Byram,30,3.0,Defender,https://media-1.api-sports.io/football/players/19287.png,71
147835,A. Omobamidele,21,4.0,Defender,https://media-3.api-sports.io/football/players/147835.png,71
19066,G. Hanley,32,5.0,Defender,https://media-2.api-sports.io/football/players/19066.png,71
18914,B. Gibson,30,6.0,Defender,https://media-3.api-sports.io/football/players/18914.png,71
19989,S. McCallum,23,15.0,Defender,https://media-2.api-sports.io/football/players/19989.png,71
2360,D. Giannoulis,28,30.0,Defender,https://media-2.api-sports.io/football/players/2360.png,71
284564,B. Hills,19,44.0,Defender,https://media-2.api-sports.io/football/players/284564.png,71
18899,I. Hayden,28,8.0,Midfielder,https://media-2.api-sports.io/football/players/18899.png,71
19100,K. Dowell,26,10.0,Midfielder,https://media-1.api-sports.io/football/players/19100.png,71
80552,Gabriel Sara,24,17.0,Midfielder,https://media-2.api-sports.io/football/players/80552.png,71
15832,J. Sørensen,25,19.0,Midfielder,https://media-1.api-sports.io/football/players/15832.png,71
19077,K. McLean,31,23.0,Midfielder,https://media-1.api-sports.io/football/players/19077.png,71
19074,O. Hernández,30,25.0,Midfielder,https://media-3.api-sports.io/football/players/19074.png,71
195121,M. Núñez,23,26.0,Midfielder,https://media-2.api-sports.io/football/players/195121.png,71
171034,L. Gibbs,21,46.0,Midfielder,https://media-1.api-sports.io/football/players/171034.png,71
40774,P. Płacheta,25,,Midfielder,https://media-1.api-sports.io/football/players/40774.png,71
130417,A. Idah,22,11.0,Attacker,https://media-1.api-sports.io/football/players/130417.png,71
311520,Marquinhos,20,13.0,Attacker,https://media-2.api-sports.io/football/players/311520.png,71
161800,C. Tzolis,21,18.0,Attacker,https://media-1.api-sports.io/football/players/161800.png,71
19085,T. Pukki,33,22.0,Attacker,https://media-2.api-sports.io/football/players/19085.png,71
25332,J. Sargent,23,24.0,Attacker,https://media-1.api-sports.io/football/players/25332.png,71
278095,J. Rowe,20,27.0,Attacker,https://media-2.api-sports.io/football/players/278095.png,71
284441,A. Kamara,20,41.0,Attacker,https://media-1.api-sports.io/football/players/284441.png,71
